Subjected on,Age,Location,Date,Offense,Type,Highlight of the case,Source
Queer Man,NA,Pune,March 2025,"Assault, extortion",Physical and financial fraud,"Misusing LGBTQ dating platform, lured to meet n beaten up",https://www.instagram.com/p/DGuck3KSmT-/?igsh=aXF1cjNpOXh0ZXAw
Queer Man,24,Pune,February 2025,Extortion,Financial fraud,Threathen to reveal sexuality to world.,https://www.instagram.com/p/DGmancNijjz/?igsh=d3FvdXhpaHNhb21k
Queer Man,27,Bengaluru,March 2025,Extortion,Financial fraud,Asking for money for traveling to India through customs office,https://www.google.com/amp/s/www.timesnownews.com/bengaluru/love-lies-fraud-how-a-bengaluru-man-lost-1-7-lakh-to-us-cardiologist-on-lgbtq-dating-app-article-119157517/amp
Queer Man,28,Mumbai,March 2025,Extortion,Financial fraud,Customs office,https://www.washingtonblade.com/2025/03/05/lgbtq-indians-remain-vulnerable-to-dating-app-scammers/
Queer Man,NA,Ghaziabad,February 2025,"Extortion, blackmail",Financial fraud,Blackmail to release compromising content,https://www.google.com/amp/s/www.republicworld.com/amp/india/up-man-duped-in-gay-dating-scam-loses-14-lakh-after-being-filmed-during-sexual-act
Queer Man,NA,Noida,January 2025,"Extortion, blackmail",Financial fraud,Blackmail to release compromising content,https://www.google.com/amp/s/www.timesnownews.com/city/noida/gay-dating-app-scam-4-arrested-from-noida-for-extorting-money-via-fake-accounts-article-117083955/amp
Queer Man,NA,Gurugram,January 2019,Extortion,Financial fraud,Called on date and extorted money,https://timesofindia.indiatimes.com/home/sunday-times/swipe-and-scam-the-dark-side-of-gay-dating-apps/articleshow/75140663.cms
Queer Man,NA,Mumbai,Unknown,Extortion,Financial fraud,Called on date and extorted money,https://timesofindia.indiatimes.com/home/sunday-times/swipe-and-scam-the-dark-side-of-gay-dating-apps/articleshow/75140663.cms
Queer Man,35,Kamrej Gujarat,August 2025,"Extortion, blackmail",Financial fraud,Blackmail to release compromising content,https://www.google.com/amp/s/timesofindia.indiatimes.com/city/surat/man-extorted-18l-after-being-trapped-via-gay-dating-app/amp_articleshow/112273729.cms
Queer Man,NA,Kolkata,January 2025,"Extortion, blackmail, Assault",Physical and financial fraud,Blackmail to release compromising content,https://www.google.com/amp/s/timesofindia.indiatimes.com/city/kolkata/man-uses-lgbt-dating-app-for-extortion-held/amp_articleshow/70900931.cms
Queer Man,NA,Hyderabad,December 2025,Extortion,Financial fraud,Extortion on a date,https://www.reddit.com/r/LGBTindia/comments/1ho47gx/grindr_scam_hyderabad/
Queer Man,25,Noida,September 2024,"Extortion, blackmail, Assault",Physical and financial fraud,Threathen to reveal sexuality to world/ compromising content,https://www.reddit.com/r/LegalAdviceIndia/comments/1fboz0q/someone_is_blackmailing_me_for_being_gay/
Queer Man,NA,Mohali,November 2024,"Extortion, blackmail",Financial fraud,Threathen to reveal sexuality to world.,https://www.reddit.com/r/Chandigarh/comments/1gwec18/gay_dating_scam_in_mohali/
Queer Man,NA,Amritsar,August 2023,"Scam, extortion",Financial fraud,Fake promise of giving a job through Grindr,https://timesofindia.indiatimes.com/city/amritsar/punjab-lgbtq-member-falls-victim-to-job-fraud-on-community-app/articleshow/103288674.cms
Transwoman,24,Tiruchirappalli,August 2024,Rape,Physical fraud,"“Government officials are not always trans-friendly; rather everywhere we see transphobia,”",https://www.outlookindia.com/national/the-many-rapes-of-indias-transgender-citizens
Transwoman,47,Delhi,September 2024,Sexual harassment ,Physical fraud,"sexually harassed many times, approached on her bus home from work by men who have touched her and proposed sex. “Now that there is no law to address sexual violence of trans people, sexual predators can prey on us at any time",https://frontline.thehindu.com/news/trans-persons-india-fear-sexual-violence-bharatiya-nyaya-sanhita-lgbtqia-section-377-indian-penal-code/article68613348.ece
Queer Men,NA,Noida,March 2020,Robbery,Financial fraud,"""After chatting with people on the app, the accused either sought a meeting at their place of choice or the target's place or some other location. Once they personally met, they would rob the target and flee,""",https://www.ndtv.com/noida-news/noida-robbers-used-gay-dating-app-to-find-gullible-targets-say-cops-2189382
Queer Men,NA,UP,October 2018,Murder,Physical fraud,"Aadi along with his brother and friend later burnt the victim and his car, the police said, adding the trio took away Mr Das's ATM card and withdrew Rs 7 lakh from the victim's account.",https://www.ndtv.com/cities/ghaziabad-partner-among-3-arrested-for-allegedly-burning-homosexual-man-alive-in-up-1930148
Queer Men,NA,Delhi,January 2025,Extortion (Dating App),Financial fraud,Delhi Police have busted a gang that befriended Queer Men on Tinder dating app and extorted them.,https://www.ndtv.com/delhi-news/delhi-cops-bust-gang-that-befriended-gay-men-on-tinder-robbed-them-7447624
Queer Men,NA,Dehradun,February 2025,Extortion (Dating App),Financial fraud,"They would contact members of the gay community through the dating app and invite them to a secluded location. One of them would engage with the target intimately while secretly recording the encounter. Soon after, the second accused would arrive, threaten the victim, and extort dressed in a police uniform money and valuables",https://timesofindia.indiatimes.com/city/dehradun/2-cops-targeting-gay-men-through-dating-app-arrested/articleshow/118307833.cms
Queer Men,34,Madiwala,January 2024,Assault and Robbery,Physical and financial fraud,"The victim was tortured, assaulted, and humiliated before he was robbed of his valuables at an apartment.",https://www.thehindu.com/news/cities/bangalore/man-from-lgbtq-community-who-went-on-a-date-assaulted-tortured-and-robbed/article67751677.ece
Queer Men,NA,Ahmedabad,October 2024,Murder,Physical fraud,"Vejalpur police had registered a case after Gupta's body was found on June 29, 2010. His hands and feet had been bound and his clothes had been removed. An attempt had been made to entomb the body under a kitchen platform, by plastering around it.",https://timesofindia.indiatimes.com/city/ahmedabad/murder-suspect-arrested-14-years-after-killing-gay-partner-in-ahmedabad/articleshow/114633220.cms
Queer Men,NA,Ghaziabad,February 2025,Extortion (Dating App),Financial fraud,"Ghaziabad Police have arrested three people for allegedly using Grinder, a gay dating app, to befriend men, lure them into a trap, and extort money by threatening them with private videos.",https://www.indiatoday.in/india/story/up-ghaziabad-man-lured-using-dating-app-threatened-with-obscene-videos-arrested-2673710-2025-02-02
Queer Men,25,Coimbatore,June 2023,Extortion (Dating App),Financial fraud,"Manikandan got acquainted with Ayyappan of Tirunelveli district through a dating app for gay people. Ayyappan and the minor boy robbed him of his mobile phone, motorcycle and ₹5,300, by threatening him with a broken beer bottle.",https://www.thehindu.com/news/cities/Coimbatore/minor-boy-arrested-for-robbing-youth-after-luring-through-gay-dating-app-in-coimbatore/article68324040.ece
Queer Men,NA,Bengaluru,February 2023,Sexual harassment  (Dating App),Physical fraud,"when a man he met through WeChat (which had a People Nearby feature) shared his photograph with him before they met. “When we met, he turned out to be a different person,” Anoop says, adding that the man then became sexually aggressive and took photos, which he used as a blackmail tool.",https://www.thenewsminute.com/news/being-conned-lgbtqia-dating-apps-and-how-deal-it-172770
Queer Men ,28,Mumbai,March 2025,Cyber Fraud (Dating App),Financial fraud,A 28-year-old man working for a five-star hotel in Mumbai has lost nearly Rs 10 lakh to a cyber fraudster who posed as a doctor from Texas in the United States and cheated the man while he was looking for a gay partner on an online dating platform,https://indianexpress.com/article/cities/mumbai/dating-app-mumbai-man-cyber-fraud-9231459/
Queer Men ,NA,Vizag ,April 2023,Extortion (Dating App),Financial fraud,"After chatting for some days on a popular queer dating app, the two had decided to meet for a ‘hookup’. But Gaurav didn’t arrive alone. He and his two young accomplices threatened to expose Vikramaditya to the hostel authorities and the other residents. They snatched Vikramaditya’s phone and wallet and made him withdraw a large part of his savings at a nearby ATM.",https://timesofindia.indiatimes.com/india/menace-of-fraud-blackmail-plagues-queer-dating-apps/articleshow/99506360.cms
Queer Men ,32,Varanasi ,February 2024,Extortion (Dating App),Financial fraud,"The case came to light after a 32-year-old doctor in Varanasi registered a police complaint on February 4, alleging that a group of men had robbed him and were blackmailing him after befriending him on Grindr. The three accused – all in their early twenties – told the police that they had robbed at least four other men with the same modus operandi.",https://indianexpress.com/article/cities/lucknow/robbery-assault-case-using-gay-dating-app-gang-targeted-at-least-5-men-varanasi-police-9149959/
Queer Men ,NA,Delhi,April 2023,Extortion (Dating App),Financial fraud,"Delhi Police on Friday claimed to have unearthed two `gay sextortion gangs` active in south east Delhi, who used to trap victims using online dating app `Grindr`, an official said",https://zeenews.india.com/india/delhi-gay-sextortion-gang-busted-used-to-blackmail-victim-via-grindr-app-2614111.html
Transwoman,NA,Ernakulam ,August 2024,Sexual Assault ,Physical fraud,"she said that she was approached by short film writer Vineeth with the offer of a role. He allegedly went to her house on April 12, 2024, with his friends, including Santhosh Varkey, and sexually assaulted her.",https://www.thenewsminute.com/kerala/kerala-youtuber-arattannan-four-others-booked-for-sexually-assaulting-trans-woman
Transwoman,32,Varanasi ,July 2022,Rape,Physical fraud,"“Two months later, the owner found out that I was trans, he abused me and threw me out of the job,”",https://article-14.com/post/raped-mocked-by-police-for-seeking-justice-india-s-rape-laws-do-not-cover-transwomen--62c65919a04a3
Queer Men ,23,"Gorakhpur, UP",June 2024,Rape,Physical fraud,"The victim met the perpetrator named Karan on social media and was lured to a hotel on June 13th. There, Karan and three others raped and beat him, recording the assault and threatening to post it online unless he paid them.",https://en.themooknayak.com/lgbtq-news/young-mans-sexual-assault-in-up-exposes-legal-voids-in-male-sexual-assault-protection
Transwoman,NA,Delhi,January 2023,Murder,Physical fraud,"January 15, Pinki (born Sakir Hussain), a transperson, became a victim of a violent crime and was found with their throat slit in Delhi’s Rajouri Garden.",https://yourstory.com/socialstory/2023/12/trans-lives-continue-to-get-lost-to-systemic-violence
Transwoman,22,Delhi ,January 2023,Murder,Physical fraud,"Five days earlier, 22-year-old Minal (born Abhisekh Tomar) was allegedly stabbed to death by a friend and his accomplice.",https://yourstory.com/socialstory/2023/12/trans-lives-continue-to-get-lost-to-systemic-violence
Transwoman,NA,Chennai,2014,Murder,Physical fraud,"In 2014, Jamila, a transwoman from Tiruvottiyur in Chennai, was stabbed to death by Arockiaraj, her live-in partner of six years in 2014.",https://yourstory.com/socialstory/2023/12/trans-lives-continue-to-get-lost-to-systemic-violence
Transwoman,26,Vishakapatnam ,June 2023,Sexual Assault ,Physical fraud,A transgender woman was molested by four men in Vishakhapatnam.,https://www.indiatoday.in/india/story/andhra-pradesh-first-case-transgender-protection-act-4-men-arrested-2395064-2023-06-19
Queer men,28,Mumbai,March 2024,,Financial,,https://indianexpress.com/article/cities/mumbai/dating-app-mumbai-man-cyber-fraud-9231459/
Queer men,NA,Mohali,December 2024,,Financial,,https://www.reddit.com/r/Chandigarh/comments/1gwec18/gay_dating_scam_in_mohali/?utm_source=share&utm_medium=web3x&utm_name=web3xcss&utm_term=1&utm_content=share_button
Queer men,NA,Hyderabad,December 2024,,Financial,,https://www.reddit.com/r/LGBTindia/comments/1ho47gx/grindr_scam_hyderabad/?utm_source=share&utm_medium=web3x&utm_name=web3xcss&utm_term=1&utm_content=share_button
Queer men,NA,Noida,September 2024,,sextortion and physical assault,,
Queer men,NA,New Delhi,March 2024,,Financial,,https://www.reddit.com/r/LegalAdviceIndia/comments/17zgg8z/getting_blackmailed_online_for_my_sexuality_by_a/?utm_source=share&utm_medium=web3x&utm_name=web3xcss&utm_term=1&utm_content=share_button
Queer men,NA,New Delhi,January 2025,,Financial,,https://www.ndtv.com/india-news/up-man-loses-1-4-lakh-in-grindr-date-after-he-is-filmed-during-sexual-act-7615194
Queer men,35,Surat,August 2024,,Financial,,https://timesofindia.indiatimes.com/city/surat/man-extorted-18l-after-being-trapped-via-gay-dating-app/articleshow/112273729.cms
Queer men,NA,Ghaziabad,February 2025,,Financial,,https://www.indiatoday.in/india/story/up-ghaziabad-man-lured-using-dating-app-threatened-with-obscene-videos-arrested-2673710-2025-02-02
Queer men,NA,Noida,January 2025,,Financial,,https://www.timesnownews.com/city/noida/gay-dating-app-scam-4-arrested-from-noida-for-extorting-money-via-fake-accounts-article-117083955
Queer men,32,Varanasi,February 2024,,Financial,,https://indianexpress.com/article/cities/lucknow/robbery-assault-case-using-gay-dating-app-gang-targeted-at-least-5-men-varanasi-police-9149959/
Queer men,NA,Ahmedabad,July 2022,,Financial,,https://www.vice.com/en/article/grindr-sextortion-gang-india/
Queer men,30,Bengaluru,August 2023,,Financial,,https://www.indiatoday.in/technology/news/story/bengaluru-mans-search-for-love-on-dating-app-turns-costly-loses-rs-25-lakh-to-online-scammer-2427009-2023-08-26
Queer men,20,New Delhi,May 2023,,sexual,,https://www.boomlive.in/decode/a-20-year-old-went-on-a-grindr-date-now-he-is-fighting-a-court-case-24154
Queer men,NA,New Delhi,January 2025,,Financial,,https://www.timesnownews.com/delhi/right-swipe-match-and-hostage-how-delhi-gang-targeted-gay-men-through-tinder-date-article-117140116
Queer Men,NA,Haridwar,February 2025,Robbery,Financial,,https://timesofindia.indiatimes.com/city/dehradun/2-cops-target-gay-men-through-dating-app-extort-money/articleshow/118151242.cms
Queer Men,NA,Kotdwar,February 2025,Robbery,Financial,,https://timesofindia.indiatimes.com/city/dehradun/2-cops-target-gay-men-through-dating-app-extort-money/articleshow/118151242.cms
Queer Men,NA,Ghaziabad,February 2025,Blackmailing,Financial,,https://www.indiatoday.in/india/story/up-ghaziabad-man-lured-using-dating-app-threatened-with-obscene-videos-arrested-2673710-2025-02-02
Queer Men,27,Bengaluru,January 2025,Emotional Blackmailing,Financial,,https://www.hindustantimes.com/cities/bengaluru-news/bengaluru-man-duped-of-1-7-lakh-by-fake-us-based-cardiologist-on-lgbtq-dating-app-report-101742296125410.html
Gay Men,NA,Lucknow,December 2023,"Robbery, Blackmail",Financial,,https://timesofindia.indiatimes.com/city/lucknow/4-held-for-duping-gay-men-after-trapping-them-via-dating-apps/articleshow/105769793.cms
Queer Men,24,Ahmedabad,May 2024,Extortion,Financial,,https://timesofindia.indiatimes.com/city/ahmedabad/two-extort-11k-from-queer-man/articleshow/112690368.cms
Queer Men,NA,Delhi, 2020,Murdered (Dating app),Physical,,
Transwoman,NA,Mumbai, 2022,"Extortion, Assault",Verbal,,
Queer Men,NA,Mumbai, 2022,"Extortion, Assault",Financial,,
Queer Men,27,Nagpur,June 2017,"Assault, Robbery",Physical+Financial,,https://timesofindia.indiatimes.com/city/nagpur/gondia-farmers-to-annually-get-rs-1k-for-every-tree-not-cut/articleshow/59059319.cms
Queer Men,NA,Delhi,January 2017,"Assault, Robbery",Physical,,https://indianexpress.com/article/trending/this-is-serious/a-man-was-drugged-and-sexually-assaulted-in-delhi-but-couldnt-report-it-because-he-is-gay-4457460/
Queer Men,NA,Ahmedabad,Feburary 2014,Assault,Physical,,https://www.ndtv.com/ahmedabad-news/gay-man-alleges-sexual-assault-by-two-ahmedabad-policemen-550299
Queer Men,34,Bangalore,January 2024,"Kidnapped,Tortured,Robbed",Physical+Financial,,https://feminisminindia.com/2024/04/16/pattern-of-homophobic-violence-targeting-gay-indian-men-on-gay-dating-apps/
Queer Men,32,Uttar Pradesh,January 2024,Assault (Dating app),Physical,,
Queer Men,29,Uttar Pradesh,November 2024,"Assault, Robbery (Dating app)",Financial,,
Queer Men,20,Delhi, 2024,Assault,Physical+Financial,,
